Date,Open,High,Low,Close,Adj Close,Volume
2021-01-04,131.37,134.04,129.29,130.77,130.77,83758826
2021-01-05,128.21,131.29,127.64,128.41,128.24,67009383
2021-01-06,128.27,130.56,125.21,130.21,130.42,84232591
2021-01-07,131.7,134.45,131.11,132.49,132.48,74432312
2021-01-08,128.93,130.5,126.25,127.98,127.99,59440139
2021-01-11,122.99,127.04,122.28,125.07,125.24,78465020
2021-01-12,125.15,126.89,124.8,125.42,125.5,82301269
2021-01-13,123.88,126.08,123.15,124.76,124.65,65765793
2021-01-14,125.38,126.93,124.49,124.78,124.7,102907147
2021-01-15,122.43,124.77,121.9,122.93,122.99,117751850
2021-01-18,125.25,126.88,123.34,124.95,124.87,105314625
2021-01-19,127.2,128.77,124.66,126.77,126.5,68088013
2021-01-20,128.38,131.02,126.58,126.98,126.97,97712123
2021-01-21,129.48,132.09,127.98,129.64,129.45,77074663
2021-01-22,131.09,132.29,128.84,130.79,131.0,48665824
2021-01-25,127.69,131.45,126.85,128.84,128.86,94911359
2021-01-26,130.69,133.49,128.47,129.76,129.64,78935746
2021-01-27,127.01,128.19,126.67,127.6,127.51,185903907
2021-01-28,129.25,131.63,128.44,129.69,129.44,124902435
2021-01-29,129.61,130.65,128.03,129.63,129.49,96196278
2021-02-01,128.04,131.68,124.87,129.26,129.39,81834407
2021-02-02,127.92,128.78,124.56,127.74,128.02,79423230
2021-02-03,131.4,133.65,127.44,130.64,130.74,52783403
2021-02-04,130.57,131.5,128.88,130.34,130.32,40806549
2021-02-05,128.16,131.11,127.78,129.39,129.34,55262382
2021-02-08,128.54,131.69,127.41,128.63,128.51,73757829
2021-02-09,130.51,131.83,129.06,129.93,130.2,35893253
2021-02-10,129.37,133.73,129.2,130.85,130.82,61990149
2021-02-11,131.03,135.14,130.6,131.88,132.16,68773847
2021-02-12,133.67,136.61,131.39,132.97,133.15,69552983
2021-02-15,138.48,139.17,136.99,138.26,138.02,59494558
2021-02-16,137.65,140.5,136.58,137.31,137.22,66550315
2021-02-17,137.63,137.87,133.64,136.11,136.02,137119245
2021-02-18,134.57,135.98,132.91,134.19,134.18,94560416
2021-02-19,136.29,139.27,132.84,135.75,135.74,61644427
2021-02-22,140.85,143.32,137.66,138.6,139.01,73227159
2021-02-23,138.2,140.29,136.28,138.38,138.23,74260445
2021-02-24,135.71,137.77,134.97,136.36,136.39,57323101
2021-02-25,134.76,137.52,132.68,134.41,134.5,57299536
2021-02-26,136.42,138.88,135.42,136.06,136.06,106822814
2021-03-01,137.52,139.64,136.85,137.95,137.97,64751934
2021-03-02,138.51,142.5,136.33,139.37,139.23,51128617
2021-03-03,139.68,140.59,136.76,137.77,137.79,73876072
2021-03-04,138.68,139.39,137.7,138.41,138.48,78162619
2021-03-05,138.16,141.05,134.94,138.77,138.81,37601413
2021-03-08,140.14,143.55,139.09,139.38,139.46,73937998
2021-03-09,141.55,142.63,139.49,141.64,141.84,101624138
2021-03-10,142.06,143.27,140.05,142.28,142.41,87831341
2021-03-11,144.58,145.21,143.08,144.09,144.1,163680507
2021-03-12,143.21,147.46,141.51,144.33,144.16,116207389
2021-03-15,145.46,146.39,144.7,145.15,145.06,124538514
2021-03-16,148.56,150.5,144.19,146.88,146.84,199840228
2021-03-17,143.54,147.1,142.23,143.14,143.17,97792003
2021-03-18,142.06,142.57,141.26,142.38,142.31,79405107
2021-03-19,140.81,143.27,139.61,141.24,141.11,105456359
2021-03-22,139.35,141.55,136.19,139.69,139.53,61667395
2021-03-23,138.85,141.9,136.06,139.06,138.84,77880712
2021-03-24,142.6,144.28,139.21,142.92,142.89,59786712
2021-03-25,141.55,143.08,138.43,140.78,140.57,86209700
2021-03-26,141.82,144.04,139.43,143.31,143.17,59699278
2021-03-29,139.82,142.45,137.36,139.1,139.05,58972022
2021-03-30,138.01,141.07,134.88,138.33,138.14,86678317
2021-03-31,139.11,139.7,136.96,138.8,138.85,71470809
2021-04-01,139.38,141.8,138.06,140.33,140.43,38200771
2021-04-02,143.34,146.55,139.88,142.2,142.13,45062174
2021-04-05,145.39,145.55,142.28,144.31,144.25,50196476
2021-04-06,144.3,145.48,142.9,143.47,143.55,55061346
2021-04-07,141.06,144.39,139.59,142.35,142.25,86707143
2021-04-08,145.35,146.66,143.4,144.63,144.52,80973076
2021-04-09,144.55,145.64,141.12,144.2,144.37,108889749
2021-04-12,139.63,142.69,138.22,140.99,141.11,97608907
2021-04-13,138.18,138.94,135.32,138.2,138.29,109142476
2021-04-14,136.29,138.16,134.42,136.0,136.12,92798157
2021-04-15,137.74,140.21,134.66,137.28,137.01,80711080
2021-04-16,137.84,139.88,137.11,137.69,137.88,110196068
2021-04-19,139.72,140.18,136.24,139.48,139.53,103470090
2021-04-20,139.7,142.67,136.74,138.47,138.61,85551753
2021-04-21,139.95,140.68,137.93,138.93,138.99,117022154
2021-04-22,138.15,143.29,137.21,140.57,140.57,32998504
2021-04-23,139.58,141.2,138.56,139.85,139.81,67750104
2021-04-26,140.93,143.86,139.55,141.07,141.12,67387628
2021-04-27,137.99,140.29,135.48,139.46,139.42,112272294
2021-04-28,138.69,139.45,135.32,138.61,138.73,129992448
2021-04-29,138.76,140.55,135.38,137.73,137.51,45147067
2021-04-30,133.98,135.1,132.08,134.85,134.78,122903147
2021-05-03,136.38,137.25,134.5,136.1,136.38,49773479
2021-05-04,134.28,137.5,131.47,135.02,134.93,50302902
2021-05-05,134.57,137.96,131.69,135.11,135.08,69095397
2021-05-06,137.55,137.96,135.25,136.35,136.23,67095424
2021-05-07,137.06,140.56,133.79,137.51,137.55,43468740
2021-05-10,139.61,142.43,137.77,139.23,139.12,94155286
2021-05-11,137.48,142.08,134.7,139.04,139.02,95133290
2021-05-12,139.59,142.07,134.71,138.05,138.17,108462302
2021-05-13,138.41,140.79,135.45,137.91,137.82,64442847
2021-05-14,133.7,135.67,133.05,133.85,133.95,73968118
2021-05-17,130.92,133.1,128.5,130.47,130.57,74205524
2021-05-18,126.38,130.39,125.89,127.45,127.59,135407197
2021-05-19,126.13,126.56,122.75,125.24,125.26,27812969
2021-05-20,125.96,127.29,124.98,126.2,126.61,53654084
2021-05-21,124.07,124.56,121.87,124.22,124.35,75145588
2021-05-24,123.07,126.35,120.26,123.43,123.47,51292191
2021-05-25,125.97,127.89,125.3,126.41,126.3,68516595
2021-05-26,126.18,128.35,124.35,125.66,125.65,71762472
2021-05-27,127.59,130.29,125.29,127.39,127.58,59578690
2021-05-28,125.82,128.94,123.94,125.33,125.54,76711546
2021-05-31,124.92,125.53,124.27,124.92,125.11,93441947
2021-06-01,123.24,125.73,122.65,122.86,122.96,69047512
2021-06-02,121.86,124.89,120.55,122.17,122.01,63999159
2021-06-03,125.74,126.02,122.03,124.08,124.14,70772491
2021-06-04,119.21,122.64,117.45,120.34,120.19,74805049
2021-06-07,122.26,123.42,120.76,121.34,121.16,40787524
2021-06-08,122.91,124.95,120.47,121.91,121.94,88149301
2021-06-09,120.05,122.28,118.87,120.67,120.73,64048312
2021-06-10,119.2,120.06,116.73,117.62,117.73,116632199
2021-06-11,118.53,119.04,115.65,117.83,117.89,92236582
2021-06-14,117.45,117.89,115.78,116.76,116.83,112957467
2021-06-15,117.33,117.74,115.67,117.31,117.19,52648449
2021-06-16,117.25,119.32,114.54,117.41,117.39,65858123
2021-06-17,120.74,122.04,119.06,120.9,120.71,48551623
2021-06-18,120.71,121.46,118.53,120.43,120.19,58596278
2021-06-21,119.28,121.38,117.96,118.28,118.37,116247903
2021-06-22,118.85,120.93,118.09,118.72,118.63,126230527
2021-06-23,118.59,120.91,118.19,119.25,119.35,50181250
2021-06-24,122.86,125.74,119.89,122.25,122.39,63885404
2021-06-25,124.85,126.13,121.55,124.16,124.08,73026298
2021-06-28,125.51,128.15,124.33,125.02,125.09,92060879
2021-06-29,128.99,129.35,127.61,128.41,128.33,40510229
2021-06-30,125.55,128.11,124.45,125.75,125.52,42795719
2021-07-01,123.67,127.44,121.79,124.37,124.38,89019661
2021-07-02,121.73,124.97,119.79,122.36,122.31,37914158
2021-07-05,120.37,123.38,118.27,121.56,121.51,64142618
2021-07-06,118.81,120.72,115.94,118.64,118.88,79377920
2021-07-07,120.0,121.2,119.03,120.06,119.88,86744863
2021-07-08,119.32,121.7,117.31,119.63,119.68,71370654
2021-07-09,114.49,118.83,112.84,116.56,116.44,65988023
2021-07-12,113.64,117.36,112.7,114.5,114.6,100794915
2021-07-13,115.98,117.46,112.58,115.2,115.23,82873072
2021-07-14,116.54,117.29,116.15,117.0,117.05,59801592
2021-07-15,121.6,123.46,119.15,121.34,121.23,75996791
2021-07-16,126.86,128.43,124.52,127.93,127.83,85763822
2021-07-19,130.06,130.96,125.99,128.95,129.07,136848044
2021-07-20,126.62,127.86,124.92,126.73,126.95,98760862
2021-07-21,122.22,124.49,120.95,122.01,122.07,114730168
2021-07-22,124.37,125.04,120.1,122.66,122.55,60568534
2021-07-23,122.03,122.64,118.57,120.93,120.97,62428636
2021-07-26,119.86,120.33,118.3,120.08,120.37,69068938
2021-07-27,118.4,121.43,116.1,118.82,118.83,71324343
2021-07-28,118.34,120.67,117.46,118.57,118.75,52703368
2021-07-29,121.29,121.53,119.09,120.92,120.83,116811892
2021-07-30,121.24,121.53,118.61,121.32,121.32,102172359
2021-08-02,120.74,122.77,119.7,121.03,121.1,67390284
2021-08-03,119.89,120.83,117.35,118.85,118.9,93886522
2021-08-04,115.29,117.14,112.54,115.37,115.28,81085391
2021-08-05,116.0,117.32,112.11,114.42,114.32,96488893
2021-08-06,114.42,117.07,111.81,114.36,114.47,46851387
2021-08-09,119.37,120.32,116.9,118.11,118.25,71272227
2021-08-10,118.69,120.75,115.49,118.44,118.62,73491858
2021-08-11,121.3,121.58,120.04,120.61,120.82,93294657
2021-08-12,119.06,122.44,117.46,119.58,119.6,60191729
2021-08-13,116.51,119.98,115.05,117.11,117.07,31265409
2021-08-16,115.46,117.63,112.82,115.15,115.3,51361723
2021-08-17,114.38,115.77,111.11,113.7,113.78,73414489
2021-08-18,118.23,118.97,116.01,118.2,118.08,76695849
2021-08-19,115.62,118.9,113.76,116.52,116.39,135206056
2021-08-20,117.37,120.55,116.05,118.34,118.4,91968798
2021-08-23,115.49,117.22,113.96,116.48,116.46,77170997
2021-08-24,117.25,119.91,115.7,118.51,118.5,74154530
2021-08-25,119.46,120.91,119.21,119.39,119.51,110382576
2021-08-26,119.91,122.41,117.55,119.1,119.19,61004611
2021-08-27,119.06,121.14,116.49,119.07,119.23,71406491
2021-08-30,116.13,119.66,114.04,117.73,117.5,51226028
2021-08-31,118.59,120.7,116.21,118.73,118.76,123236494
2021-09-01,117.7,118.7,116.48,117.81,117.9,86044339
2021-09-02,116.75,117.9,113.72,115.3,115.12,58548470
2021-09-03,111.74,112.96,111.54,112.72,112.65,72054938
2021-09-06,112.86,115.38,111.71,113.13,113.03,89645757
2021-09-07,117.63,118.97,115.0,116.44,116.44,68699127
2021-09-08,117.14,118.49,116.0,116.83,117.02,62204254
2021-09-09,117.03,117.83,116.43,116.63,116.87,59649891
2021-09-10,117.37,118.07,115.23,117.29,117.19,84447055
2021-09-13,120.37,122.19,118.76,120.13,120.19,66166157
2021-09-14,121.22,122.02,119.34,120.66,120.73,63986550
2021-09-15,119.24,120.13,118.41,119.82,119.87,46986790
2021-09-16,122.93,125.32,120.59,122.29,122.34,77066009
2021-09-17,122.28,124.53,120.87,123.29,123.33,70390612
2021-09-20,127.05,128.34,125.24,126.8,127.02,67014645
2021-09-21,127.42,128.86,125.38,127.28,127.42,80403511
2021-09-22,124.1,127.12,123.96,124.56,124.43,97445076
2021-09-23,121.57,122.64,118.8,121.59,121.68,95874114
2021-09-24,124.84,127.72,124.5,125.31,125.42,91007606
2021-09-27,128.49,132.36,126.97,129.32,129.36,68941168
2021-09-28,128.69,131.13,127.92,128.96,129.1,61500093
2021-09-29,127.28,129.59,125.55,128.13,128.15,52045463
2021-09-30,131.86,134.36,130.59,131.6,131.63,60939607
2021-10-01,128.18,130.61,125.4,129.07,129.08,75517592
2021-10-04,127.6,129.0,125.73,127.06,126.8,56956508
2021-10-05,127.69,130.35,125.6,128.6,128.59,77564365
2021-10-06,127.31,128.85,126.42,127.75,127.66,53494469
2021-10-07,127.31,128.24,127.13,127.79,127.64,41935845
2021-10-08,128.49,129.9,126.11,127.47,127.66,99911046
2021-10-11,128.56,129.07,126.53,128.31,128.37,63525601
2021-10-12,131.49,133.09,129.91,131.66,131.66,55953799
2021-10-13,132.33,134.23,128.76,131.93,131.86,51143817
2021-10-14,131.84,136.65,129.48,133.53,133.57,86968910
2021-10-15,128.72,128.99,125.51,128.75,128.88,121353261
2021-10-18,130.24,132.31,127.66,128.7,128.59,65131757
2021-10-19,126.92,128.44,124.29,126.82,126.82,69549653
2021-10-20,124.17,124.35,122.34,124.12,124.23,109132119
2021-10-21,122.63,123.49,120.31,122.23,121.99,39798615
2021-10-22,122.2,122.67,118.55,121.55,121.54,149290211
2021-10-25,122.14,124.39,120.11,123.63,123.57,176429827
2021-10-26,119.54,121.68,116.85,120.76,120.75,29086378
2021-10-27,121.04,122.32,118.66,120.88,120.82,72483719
2021-10-28,119.38,121.53,118.89,119.89,119.91,58314842
2021-10-29,120.18,120.3,117.12,119.24,119.47,68362060
2021-11-01,121.24,122.06,119.7,121.46,121.43,64783655
2021-11-02,121.28,123.1,118.48,122.7,122.74,99643996
2021-11-03,124.79,127.53,122.25,125.75,126.0,72102494
2021-11-04,123.39,126.57,122.95,125.46,125.39,54525614
2021-11-05,123.78,125.71,123.25,123.95,124.17,70613638
2021-11-08,123.37,124.29,123.04,123.51,123.51,89806970
2021-11-09,123.79,124.3,122.2,124.1,124.32,49560078
2021-11-10,125.36,128.32,124.19,124.55,124.65,42153019
2021-11-11,123.08,123.52,119.96,122.2,122.24,150648316
2021-11-12,122.33,122.95,120.59,122.46,122.45,59897740
2021-11-15,121.44,123.57,118.88,123.02,122.94,71479776
2021-11-16,129.25,132.43,127.78,128.78,128.79,65252197
2021-11-17,133.7,135.82,131.47,133.26,133.38,90859904
2021-11-18,131.53,133.59,130.79,131.29,131.29,139486048
2021-11-19,131.44,134.68,127.77,130.67,130.63,91878307
2021-11-22,126.44,127.73,125.78,127.33,127.3,44082386
2021-11-23,127.56,130.67,125.6,126.04,126.17,46203008
2021-11-24,126.09,127.56,125.34,126.82,126.97,65225496
2021-11-25,130.24,132.32,127.02,129.66,129.57,68279289
2021-11-26,126.73,129.44,126.28,128.02,127.94,41050588
2021-11-29,125.88,127.87,123.89,126.58,126.63,99908766
2021-11-30,122.95,125.82,119.53,121.84,122.02,51278723
2021-12-01,121.35,122.09,119.04,121.54,121.68,126487521
2021-12-02,119.89,122.88,118.62,119.29,119.14,141841398
2021-12-03,118.38,119.57,117.92,118.21,118.18,68758432
2021-12-06,116.34,118.34,114.97,116.41,116.3,87455364
2021-12-07,117.22,120.06,115.58,116.27,116.23,48730571
2021-12-08,112.54,112.96,110.53,112.7,112.88,93295775
2021-12-09,108.63,112.35,107.6,109.81,109.65,62999120
2021-12-10,113.6,115.82,112.26,114.15,113.96,51262308
2021-12-13,111.95,113.96,111.17,111.58,111.49,67776861
2021-12-14,109.71,110.21,107.85,109.45,109.48,63718587
2021-12-15,112.12,114.74,111.51,113.18,113.25,66932344
2021-12-16,118.79,121.36,116.74,119.31,119.36,104572026
2021-12-17,116.47,118.27,116.15,116.88,117.01,56976018
2021-12-20,115.9,116.7,113.07,116.16,115.95,137654395
2021-12-21,115.96,117.73,113.94,116.92,117.06,47168072
2021-12-22,120.22,123.27,119.57,120.67,120.64,132011456
2021-12-23,118.08,118.82,117.93,118.6,118.69,52547072
2021-12-24,118.68,120.82,117.07,118.13,117.98,74973407
2021-12-27,120.43,123.44,119.29,119.85,119.85,63175683
2021-12-28,120.74,120.99,119.99,120.85,120.88,66498745
2021-12-29,119.8,120.67,117.17,120.09,120.23,99281886
2021-12-30,119.95,122.01,118.0,119.85,119.66,126776728
2021-12-31,116.4,117.26,115.79,116.97,116.98,113769191
2022-01-03,115.72,118.29,114.06,116.53,116.4,65091137
2022-01-04,115.37,118.04,114.54,116.02,116.08,79996064
2022-01-05,116.12,118.32,113.28,116.56,116.65,57040460
2022-01-06,114.65,116.58,114.44,115.45,115.6,53008140
2022-01-07,116.6,118.67,114.32,116.49,116.43,50213443
2022-01-10,119.2,121.02,116.36,118.69,118.8,64350033
2022-01-11,117.94,119.78,117.63,119.07,119.23,81846871
2022-01-12,119.9,121.64,119.27,119.88,119.68,38411343
2022-01-13,119.89,122.71,118.67,120.05,120.12,73793032
2022-01-14,120.35,122.4,117.48,120.1,120.22,127497519
2022-01-17,118.6,120.07,116.95,118.61,118.58,111069595
2022-01-18,118.3,120.38,116.32,119.34,119.19,61109888
2022-01-19,118.28,119.55,115.94,119.18,119.3,45997295
2022-01-20,123.84,124.69,121.23,123.82,123.67,88096140
2022-01-21,128.22,128.38,125.85,127.43,127.41,33327678
2022-01-24,126.67,131.54,125.0,128.38,128.37,110613490
2022-01-25,126.94,127.75,124.37,126.68,126.77,69597768
2022-01-26,125.11,127.68,123.32,124.23,124.15,142371982
2022-01-27,126.86,127.62,124.13,126.98,126.89,40978608
2022-01-28,128.06,129.06,127.44,127.63,127.65,103424232
2022-01-31,128.26,130.22,127.53,128.8,128.93,72407509
2022-02-01,124.79,125.97,122.26,124.87,125.16,66794479
2022-02-02,125.8,129.6,124.65,127.03,126.84,46434508
2022-02-03,126.33,131.21,125.75,128.14,128.18,92388256
2022-02-04,126.37,129.15,124.97,125.66,125.52,95024637
2022-02-07,123.91,125.23,122.21,124.65,124.78,140089687
2022-02-08,124.96,127.76,122.29,125.3,125.18,106730365
2022-02-09,124.43,126.05,124.1,125.47,125.39,60923851
2022-02-10,123.82,127.73,123.6,124.87,124.8,52780204
2022-02-11,124.57,126.37,123.05,124.7,124.69,46456487
2022-02-14,123.64,125.31,120.68,124.19,124.23,125601806
2022-02-15,124.87,125.46,123.63,124.59,124.65,57118446
2022-02-16,128.33,128.5,124.91,127.99,127.99,125910151
2022-02-17,122.5,123.35,119.54,122.26,122.1,90130924
2022-02-18,121.97,124.77,120.85,121.8,121.89,84179727
2022-02-21,123.4,125.88,119.72,122.24,122.23,67362211
2022-02-22,122.16,125.93,120.03,122.95,123.09,94511699
2022-02-23,122.14,122.6,120.52,122.18,122.1,74594989
2022-02-24,119.24,121.05,117.11,118.43,118.24,65908239
2022-02-25,120.09,120.95,116.74,119.19,119.18,95687702
2022-02-28,121.96,124.73,119.52,123.01,123.17,71314371
2022-03-01,119.49,120.75,117.2,119.71,119.73,56716827
2022-03-02,122.63,123.59,118.61,121.64,121.62,92520244
2022-03-03,121.35,123.14,119.47,120.98,120.87,73339044
2022-03-04,121.04,121.7,118.44,120.9,121.11,88997352
2022-03-07,118.53,120.14,115.96,118.68,118.56,63984263
2022-03-08,117.75,119.99,117.04,118.03,117.94,49121442
2022-03-09,121.08,121.58,120.63,120.87,120.94,137656850
2022-03-10,122.02,125.06,120.71,122.2,121.98,128869737
2022-03-11,126.1,127.79,123.38,126.13,126.29,102187856
2022-03-14,128.95,131.62,127.87,128.89,128.97,65480629
2022-03-15,129.44,132.14,127.14,129.97,130.09,67516824
2022-03-16,134.61,137.03,134.02,134.18,134.25,121668814
2022-03-17,137.67,140.17,134.01,135.3,135.28,66264055
2022-03-18,135.93,140.42,133.79,137.4,137.25,60105028
2022-03-21,136.99,139.15,136.16,136.73,136.71,144426431
2022-03-22,136.33,138.0,133.26,136.95,136.82,73758845
2022-03-23,135.77,136.23,134.66,135.3,135.37,139273131
2022-03-24,137.84,139.98,134.65,137.8,137.91,45972847
2022-03-25,135.58,135.93,134.13,134.97,135.17,89913924
2022-03-28,137.91,138.84,133.54,136.94,136.99,154836082
2022-03-29,136.69,137.03,134.42,136.53,136.66,75785037
2022-03-30,140.45,142.44,139.08,139.51,139.46,68380421
2022-03-31,139.48,142.15,139.12,141.47,141.4,49837860
2022-04-01,147.64,149.95,145.84,146.25,146.32,109542015
2022-04-04,148.58,151.55,146.0,148.25,148.19,57279528
2022-04-05,145.11,148.12,141.23,144.18,144.22,72552114
2022-04-06,143.01,145.28,141.49,144.07,143.92,48687012
2022-04-07,140.42,143.13,138.78,141.13,141.0,129334390
2022-04-08,140.0,142.03,137.76,139.88,139.97,112358873
2022-04-11,143.79,145.58,141.8,143.8,143.93,74175466
2022-04-12,145.77,148.21,142.98,145.53,145.38,50075706
2022-04-13,144.71,145.58,142.0,143.77,143.87,128387826
2022-04-14,139.74,144.69,137.2,141.23,141.16,65983981
2022-04-15,142.21,142.68,137.86,141.38,141.38,50940914
2022-04-18,138.39,141.28,137.08,138.38,138.58,40477522
2022-04-19,136.61,138.87,136.44,136.78,136.89,59823605
2022-04-20,136.4,138.56,135.85,137.61,137.72,45076667
2022-04-21,140.99,143.66,138.56,140.57,140.84,60310174
2022-04-22,140.12,142.61,138.82,142.18,142.08,97322593
2022-04-25,137.03,139.71,133.28,136.5,136.36,65765675
2022-04-26,136.08,139.39,133.89,137.31,137.21,84943030
2022-04-27,137.59,138.1,135.69,137.55,137.51,58225359
2022-04-28,138.54,139.04,135.75,138.64,138.31,76730346
2022-04-29,143.8,146.53,141.77,142.8,142.77,146907538
2022-05-02,137.51,138.76,134.66,137.65,137.58,66388110
2022-05-03,135.69,139.3,135.54,136.26,136.36,85801665
2022-05-04,137.36,140.43,135.18,137.78,137.83,43360703
2022-05-05,134.99,137.39,130.83,133.97,133.89,127679760
2022-05-06,138.08,139.14,134.9,137.64,137.72,63463554
2022-05-09,138.3,141.11,135.32,138.62,138.72,108329216
2022-05-10,140.61,144.15,139.13,140.81,140.7,71835228
2022-05-11,138.12,139.88,135.25,139.43,139.36,92901602
2022-05-12,141.88,143.14,139.54,141.55,141.24,94854341
2022-05-13,142.84,145.32,140.58,144.37,144.21,64016060
2022-05-16,145.69,147.21,144.69,145.04,144.93,109909287
2022-05-17,145.83,148.57,144.87,145.72,145.73,57503361
2022-05-18,148.59,150.43,144.41,146.49,146.35,98471295
2022-05-19,143.35,146.42,143.0,144.3,144.23,65425772
2022-05-20,143.89,145.21,141.19,143.98,143.81,84760818
2022-05-23,145.2,145.84,140.61,143.65,143.68,63802384
2022-05-24,145.75,146.83,141.37,144.71,144.77,76323409
2022-05-25,146.79,150.59,146.28,147.41,147.46,51487822
2022-05-26,144.88,147.12,141.28,144.69,144.69,81788206
2022-05-27,144.43,145.88,144.05,144.43,144.21,76168946
2022-05-30,148.65,151.62,146.56,148.4,148.31,62080651
2022-05-31,145.88,146.86,142.79,146.49,146.43,73569337
2022-06-01,144.33,145.43,143.94,144.4,144.35,78601413
2022-06-02,143.61,145.94,143.4,145.0,145.01,60446770
2022-06-03,147.4,151.04,147.05,147.28,147.49,71695114
2022-06-06,147.78,150.43,145.42,147.38,147.5,52749006
2022-06-07,150.81,153.41,147.72,151.02,150.87,170458979
2022-06-08,151.94,153.6,151.33,153.43,153.54,108655208
2022-06-09,156.77,157.62,155.22,155.84,155.94,82522505
2022-06-10,157.82,160.39,155.17,157.48,157.35,113038406
2022-06-13,163.57,165.95,162.49,164.29,164.43,37515333
2022-06-14,163.48,167.55,160.45,163.76,163.73,30639811
2022-06-15,156.61,161.09,152.88,158.03,157.81,65218048
2022-06-16,161.73,164.64,158.59,162.73,162.81,46292995
2022-06-17,160.95,164.53,157.4,161.47,161.5,69039318
2022-06-20,163.05,167.03,159.68,161.86,161.82,80597524
2022-06-21,165.15,167.79,161.69,165.79,165.78,103506373
2022-06-22,161.77,164.43,160.28,161.15,161.03,50354889
2022-06-23,157.12,161.26,156.71,157.63,157.73,86259384
2022-06-24,153.45,154.52,150.66,153.22,153.21,75378682
2022-06-27,150.99,154.48,150.65,151.11,151.14,84700065
2022-06-28,153.18,153.69,148.97,152.38,152.44,62525090
2022-06-29,153.4,156.45,150.7,153.9,153.72,121703214
2022-06-30,153.27,157.8,149.62,154.73,154.6,72331526
2022-07-01,149.67,153.29,148.39,150.92,150.58,139554037
2022-07-04,144.37,146.7,142.54,144.84,144.92,56874784
2022-07-05,143.96,147.34,141.25,145.04,144.87,97268741
2022-07-06,144.23,144.9,142.9,143.88,143.9,73449944
2022-07-07,144.73,146.04,142.71,145.14,145.19,66871861
2022-07-08,149.15,150.26,144.58,147.05,147.14,93578296
2022-07-11,145.95,149.75,142.37,147.48,147.31,67543875
2022-07-12,149.77,151.5,146.76,149.58,149.57,29541623
2022-07-13,149.25,151.3,148.68,150.27,150.52,25674140
2022-07-14,151.33,155.15,149.45,151.78,152.04,117077472
2022-07-15,150.06,151.56,147.66,149.93,150.08,115362411
2022-07-18,147.43,151.27,146.76,149.52,149.57,145192063
2022-07-19,150.33,151.96,148.41,150.11,149.96,74541291
2022-07-20,154.16,154.98,151.23,152.42,152.53,47706417
2022-07-21,151.0,154.22,150.42,151.41,151.38,64756479
2022-07-22,153.14,154.94,150.87,152.9,152.99,75300493
2022-07-25,153.18,153.39,151.49,152.24,152.15,52721573
2022-07-26,151.84,155.66,149.54,151.99,151.96,133551779
2022-07-27,153.81,157.52,153.03,154.35,154.37,164237593
2022-07-28,146.94,151.71,144.24,148.97,149.01,88666874
2022-07-29,146.16,149.36,144.77,145.6,145.67,74715368
2022-08-01,141.74,145.06,138.55,141.83,141.75,47667492
2022-08-02,135.23,137.3,135.01,136.06,135.88,128861731
2022-08-03,134.57,136.68,132.65,134.47,134.69,77030041
2022-08-04,135.88,138.49,134.7,136.36,136.7,67780908
2022-08-05,135.29,136.73,134.42,135.72,135.78,88756711
2022-08-08,136.76,137.63,134.59,136.27,136.09,61098607
2022-08-09,137.91,139.55,134.99,139.03,138.92,78956291
2022-08-10,143.35,145.76,139.18,142.45,142.53,45269101
2022-08-11,141.15,145.15,139.98,142.34,142.53,109724055
2022-08-12,145.34,148.73,144.65,145.92,145.74,72308685
2022-08-15,147.91,149.18,143.55,146.22,146.21,112512959
2022-08-16,145.08,145.94,141.94,144.1,144.13,69901733
2022-08-17,142.72,144.41,141.8,142.63,142.76,71508635
2022-08-18,138.16,140.91,135.5,138.94,138.9,49066524
2022-08-19,136.37,139.96,134.53,136.8,136.59,97846806
2022-08-22,136.04,139.04,133.72,135.98,136.07,55198960
2022-08-23,138.06,141.23,136.7,138.03,138.18,63259181
2022-08-24,142.36,145.48,140.71,142.43,142.42,75027493
2022-08-25,138.97,142.35,138.23,139.0,139.05,78250606
2022-08-26,139.87,141.75,137.19,140.05,139.98,41279011
2022-08-29,136.32,137.8,135.67,137.51,137.39,69179602
2022-08-30,138.32,139.17,135.6,138.75,138.89,99069209
2022-08-31,139.25,140.69,135.7,138.49,138.54,65698086
2022-09-01,132.96,135.02,130.44,134.06,134.12,69326830
2022-09-02,136.22,137.07,136.02,136.38,136.58,79386651
2022-09-05,134.3,138.18,133.28,134.96,134.82,71765363
2022-09-06,133.82,134.58,132.09,133.73,133.66,52290132
2022-09-07,130.93,134.39,128.93,131.24,131.26,74051957
2022-09-08,130.91,133.43,126.77,129.76,129.69,106209517
2022-09-09,131.22,133.37,129.51,130.82,130.93,51913378
2022-09-12,129.41,132.68,126.56,130.44,130.41,65786815
2022-09-13,131.8,132.98,130.62,131.27,131.14,46243325
2022-09-14,131.57,134.37,130.27,132.19,132.2,104268759
2022-09-15,134.96,136.17,134.66,135.43,135.45,72614363
2022-09-16,134.91,138.08,132.12,134.66,134.78,55696551
2022-09-19,130.8,132.26,130.19,131.18,131.23,77461502
2022-09-20,134.5,135.46,132.83,133.79,133.85,49216455
2022-09-21,132.43,135.46,129.84,133.05,133.09,52235622
2022-09-22,135.3,138.08,133.43,135.81,135.78,44990051
2022-09-23,136.27,138.43,136.09,136.81,136.71,51630644
2022-09-26,136.09,138.76,135.94,136.55,136.59,120609284
2022-09-27,138.38,139.05,135.65,137.47,137.43,58026319
2022-09-28,142.99,145.44,141.26,142.45,142.69,88293536
2022-09-29,149.46,150.58,147.15,147.94,148.14,55968140
2022-09-30,150.21,151.34,145.86,148.19,148.29,97839161
2022-10-03,147.77,149.42,146.81,148.69,148.74,52371335
2022-10-04,151.73,153.09,149.36,151.66,151.65,76036834
2022-10-05,148.39,150.78,146.89,149.44,149.25,76400257
2022-10-06,149.71,152.2,148.88,150.41,150.37,169392749
2022-10-07,149.84,151.24,149.19,150.4,150.42,93516413
2022-10-10,150.37,152.18,149.36,151.33,151.36,60944993
2022-10-11,148.2,151.23,147.94,149.14,149.21,95321486
2022-10-12,144.87,145.59,143.66,145.0,145.13,158514992
2022-10-13,138.73,142.2,135.59,139.75,139.65,42398605
2022-10-14,137.72,140.98,134.16,137.03,136.94,55847200
2022-10-17,135.21,137.49,133.87,135.96,136.16,69032262
2022-10-18,137.59,140.7,133.3,135.31,135.41,64813066
2022-10-19,139.79,140.64,137.75,140.17,140.12,66754604
2022-10-20,143.12,143.41,140.07,143.06,143.04,47513164
2022-10-21,139.57,143.24,138.64,140.66,140.65,122593344
2022-10-24,143.06,145.82,140.46,141.61,141.61,45584835
2022-10-25,141.58,144.59,139.48,140.64,140.71,69924328
2022-10-26,140.23,140.57,139.71,139.98,140.34,108151045
2022-10-27,139.38,143.28,138.19,140.52,140.54,74211818
2022-10-28,142.33,143.76,139.02,142.15,142.25,53234152
2022-10-31,140.4,142.52,137.19,141.35,141.11,46779806
2022-11-01,145.41,146.16,143.63,144.15,144.08,69199137
2022-11-02,141.97,145.5,139.59,141.28,141.45,57542727
2022-11-03,141.44,141.8,139.93,141.36,141.42,80585521
2022-11-04,146.03,151.28,144.17,148.19,147.54,45923648
2022-11-07,147.98,151.29,145.86,148.86,148.96,99688529
2022-11-08,153.45,156.31,152.59,152.82,153.11,78095344
2022-11-09,154.25,157.04,149.89,153.14,152.83,80152482
2022-11-10,155.85,159.21,151.04,154.82,155.05,124196499
2022-11-11,153.25,155.56,150.69,154.73,154.3,64345029
2022-11-14,154.6,154.76,151.72,154.32,154.47,58174799
2022-11-15,153.17,155.52,150.16,152.24,152.24,61915518
2022-11-16,151.97,154.95,150.6,153.49,153.13,70112690
2022-11-17,151.22,151.83,150.53,151.23,151.29,72649782
2022-11-18,153.37,154.21,150.82,153.12,153.3,56078018
2022-11-21,155.93,157.61,155.6,156.21,156.27,36944185
2022-11-22,155.57,157.74,152.33,157.31,157.41,61630875
2022-11-23,156.27,156.95,154.54,156.58,156.51,85065972
2022-11-24,157.62,161.56,155.9,157.93,157.64,78663441
2022-11-25,156.99,158.46,155.6,157.13,157.24,114129318
2022-11-28,159.33,163.8,155.46,159.87,160.15,148696661
2022-11-29,154.34,158.49,153.54,154.75,154.93,97832314
2022-11-30,153.85,154.57,153.14,153.89,153.59,121677042
2022-12-01,148.94,151.64,147.8,148.54,148.32,98087419
2022-12-02,144.4,146.89,141.97,144.66,144.54,136449263
2022-12-05,147.96,150.93,144.29,148.32,148.09,143349669
2022-12-06,150.88,151.38,149.8,150.8,150.81,104626401
2022-12-07,147.21,149.75,143.86,148.93,148.99,96035812
2022-12-08,145.43,145.85,143.9,145.02,144.81,69801594
2022-12-09,137.55,139.68,135.27,137.55,137.65,73922708
2022-12-12,136.3,139.66,136.0,136.27,136.35,66636005
2022-12-13,143.22,145.67,140.56,142.4,142.32,93216633
2022-12-14,141.9,146.18,139.53,143.58,143.56,58286254
2022-12-15,140.52,145.71,138.58,142.21,141.93,70147554
2022-12-16,143.7,146.19,142.51,143.47,143.42,32890328
2022-12-19,139.55,139.83,136.64,139.56,139.56,137080668
2022-12-20,139.02,142.05,135.5,138.87,138.9,69430205
2022-12-21,138.8,140.54,137.13,139.19,139.24,87965198
2022-12-22,139.59,139.74,136.77,139.03,139.07,124924987
2022-12-23,141.88,143.75,138.27,141.09,141.05,83311851
2022-12-26,142.44,145.79,141.07,142.03,142.07,124338590
2022-12-27,143.59,144.85,140.47,143.81,143.96,48563871
2022-12-28,140.31,143.93,139.23,142.11,142.09,173568080
2022-12-29,145.15,145.91,141.65,144.49,144.53,109724939
2022-12-30,149.95,150.3,148.3,148.85,148.83,80697612
2023-01-02,146.91,147.34,145.18,146.34,146.25,123503053
2023-01-03,143.33,146.75,141.35,144.09,144.16,49822460
2023-01-04,148.26,151.48,145.65,147.66,147.58,67793946
2023-01-05,147.98,148.64,144.07,147.22,147.28,124334529
2023-01-06,152.47,153.68,147.29,151.06,151.06,39017764
2023-01-09,149.14,150.78,148.6,149.92,149.88,91254137
2023-01-10,153.76,154.23,152.61,153.97,153.92,90355308
2023-01-11,155.1,157.31,152.93,154.41,154.33,149413428
2023-01-12,155.25,158.01,153.26,155.2,154.94,43097014
2023-01-13,158.63,162.34,156.59,159.7,159.76,131743781
2023-01-16,159.13,160.77,155.31,158.74,158.77,61662338
2023-01-17,156.68,158.92,153.1,156.14,156.27,64137858
2023-01-18,155.03,155.54,154.73,154.95,154.87,48900448
2023-01-19,156.5,157.23,154.43,156.29,156.59,51251244
2023-01-20,151.78,155.57,149.38,152.02,151.96,86376956
2023-01-23,155.2,158.2,151.99,153.84,153.7,50814001
2023-01-24,151.6,155.95,150.97,152.42,152.27,97182206
2023-01-25,155.13,159.26,153.49,155.67,155.4,59468692
2023-01-26,149.19,151.66,147.55,149.18,149.4,49054223
2023-01-27,147.92,151.36,146.33,147.14,147.35,62349453
2023-01-30,141.53,144.38,138.82,142.81,142.89,84380440
2023-01-31,139.66,140.92,138.44,140.76,140.64,68061688
2023-02-01,139.73,141.81,137.61,141.46,141.71,75903413
2023-02-02,141.09,141.6,139.18,141.06,141.01,95694490
2023-02-03,139.54,140.95,136.47,140.49,140.45,109545021
2023-02-06,139.82,141.47,139.27,140.15,140.35,67286172
2023-02-07,141.28,143.8,140.2,140.72,140.82,52039883
2023-02-08,137.72,141.02,136.59,138.25,138.56,77024317
2023-02-09,140.28,142.41,138.5,140.09,140.12,88430370
2023-02-10,141.58,142.47,140.42,141.83,141.78,44980733
2023-02-13,143.46,146.18,140.12,142.88,142.8,54914378
2023-02-14,144.8,146.18,143.39,144.39,144.12,58309947
2023-02-15,144.62,145.42,144.18,145.22,145.18,69738347
2023-02-16,150.56,151.88,148.91,150.71,150.88,57462137
2023-02-17,151.49,152.84,147.6,150.54,150.63,96058018
2023-02-20,150.13,151.27,146.57,149.78,149.78,42763780
2023-02-21,146.59,150.86,143.86,147.83,147.68,43145864
2023-02-22,145.74,148.55,143.08,145.17,145.21,66728158
2023-02-23,141.1,144.53,138.5,142.02,142.16,70527988
2023-02-24,141.01,141.63,137.4,139.83,139.89,45076577
2023-02-27,140.57,143.44,138.79,139.71,139.74,60650387
2023-02-28,140.87,143.3,138.62,140.62,140.51,65178051
2023-03-01,140.95,141.75,138.07,140.81,140.94,65354992
2023-03-02,138.78,141.25,137.58,138.95,138.51,79094760
2023-03-03,141.86,143.65,138.92,141.28,141.34,59497571
2023-03-06,142.92,144.89,141.13,143.24,143.61,125804714
2023-03-07,143.1,143.62,141.03,142.89,142.68,88975383
2023-03-08,142.03,143.94,140.84,141.29,141.25,56542828
2023-03-09,142.27,143.24,139.86,142.75,142.75,77522416
2023-03-10,142.77,144.01,139.66,143.3,143.24,78327086
2023-03-13,138.68,140.26,138.07,139.68,139.82,114736779
2023-03-14,138.68,142.91,137.32,139.57,139.64,60785681
2023-03-15,138.75,141.39,138.45,140.29,140.31,98106797
2023-03-16,138.71,140.03,137.86,138.1,138.21,76106766
2023-03-17,140.14,141.36,135.2,138.64,138.64,126410733
2023-03-20,136.27,139.34,133.38,135.11,135.54,117836741
2023-03-21,137.11,140.47,135.81,138.47,138.49,80353115
2023-03-22,142.29,145.57,140.6,141.67,141.7,68421643
2023-03-23,142.3,143.47,137.64,141.1,140.85,89550273
2023-03-24,141.7,142.62,140.7,142.09,142.01,70409669
2023-03-27,136.2,138.15,133.61,136.11,136.27,135043317
2023-03-28,131.76,134.61,130.74,133.37,133.19,77088386
2023-03-29,132.94,135.63,132.37,132.73,132.44,65073226
2023-03-30,129.42,133.13,127.17,130.25,130.25,63855507
2023-03-31,132.15,133.78,131.86,131.99,132.18,49054192
2023-04-03,135.61,140.22,133.27,136.89,136.89,91129703
2023-04-04,134.52,136.44,133.14,134.08,134.03,56288158
2023-04-05,132.94,133.94,129.63,132.13,131.89,110149661
2023-04-06,132.13,134.44,129.56,132.75,132.81,47701404
2023-04-07,135.79,136.98,133.29,136.72,136.81,78415579
2023-04-10,132.08,136.52,131.87,133.81,133.57,112175704
2023-04-11,134.25,134.93,131.85,134.47,134.62,35311251
2023-04-12,138.53,140.18,135.1,139.01,139.12,152000081
2023-04-13,133.74,136.97,132.83,135.0,135.15,64627388
2023-04-14,132.34,132.61,130.98,131.98,132.06,78796729
2023-04-17,130.68,131.42,128.0,131.04,131.12,91605869
2023-04-18,129.04,132.17,128.41,129.87,129.94,96701922
2023-04-19,131.41,132.21,129.19,131.85,131.96,82545321
2023-04-20,133.33,134.99,129.95,132.48,132.24,106332685
2023-04-21,128.84,130.01,128.13,128.37,128.18,89941806
2023-04-24,129.53,130.47,127.68,129.63,129.53,138905870
2023-04-25,128.82,129.54,126.44,128.35,128.33,90044388
2023-04-26,130.47,133.92,129.39,131.38,131.43,149173572
2023-04-27,129.99,133.09,127.1,129.97,130.01,102808260
2023-04-28,128.66,129.22,127.91,128.54,128.69,39864076
2023-05-01,129.49,132.98,128.23,129.86,130.01,187049642
2023-05-02,132.06,134.08,128.9,131.71,131.6,61342178
2023-05-03,132.22,135.02,131.48,132.84,132.87,126586835
2023-05-04,129.32,131.66,126.26,128.93,128.82,75706636
2023-05-05,130.67,133.01,129.86,130.24,130.22,108730212
2023-05-08,125.66,130.54,124.06,127.9,127.94,58940030
2023-05-09,129.42,131.05,128.14,128.5,128.06,93363334
2023-05-10,123.01,127.03,120.89,125.3,125.61,68639723
2023-05-11,125.9,127.48,123.39,126.37,126.44,130339059
2023-05-12,125.37,125.81,121.94,124.61,124.53,87446044
2023-05-15,121.58,123.88,118.6,121.82,122.05,104070446
2023-05-16,122.36,123.67,120.27,123.45,123.4,35165349
2023-05-17,123.23,124.99,120.83,124.04,124.06,72787022
2023-05-18,123.49,123.89,121.12,122.73,122.67,86589727
2023-05-19,124.58,126.74,121.73,126.04,126.25,81105707
2023-05-22,125.95,128.0,123.04,125.1,125.09,104992942
2023-05-23,125.19,127.24,122.41,125.23,125.25,65984616
2023-05-24,124.99,127.29,124.16,125.89,126.04,76291657
2023-05-25,124.12,124.95,122.51,124.55,124.62,113399556
2023-05-26,124.9,127.1,122.59,125.67,125.66,33782636
2023-05-29,125.17,126.36,123.79,124.52,124.66,92181622
2023-05-30,124.2,126.48,122.91,123.66,123.97,66728251
2023-05-31,125.48,128.68,122.41,126.79,126.83,54498695
2023-06-01,124.19,126.08,122.77,124.49,124.51,84375627
2023-06-02,118.64,120.77,118.0,119.25,119.27,115249122
2023-06-05,123.77,126.76,121.72,122.82,122.98,107898228
2023-06-06,127.6,131.11,126.26,128.64,128.57,71535837
2023-06-07,128.99,130.66,125.73,127.76,127.73,101900561
2023-06-08,123.42,124.99,120.56,123.44,123.25,101627267
2023-06-09,121.95,123.01,118.94,122.81,122.66,72741216
2023-06-12,121.74,125.12,119.71,122.23,122.17,58845179
2023-06-13,121.29,122.93,119.13,121.87,121.86,60048718
2023-06-14,118.59,120.36,117.56,119.51,119.72,100558212
2023-06-15,120.88,123.9,118.21,120.81,120.88,73901766
2023-06-16,121.12,124.24,120.36,122.02,121.9,52004192
2023-06-19,117.28,119.08,116.86,118.83,118.74,41586937
2023-06-20,120.12,120.69,117.19,120.39,120.56,100346492
2023-06-21,123.63,125.18,120.94,124.98,125.12,61936871
2023-06-22,124.86,127.35,123.82,125.42,125.43,84194014
2023-06-23,124.04,125.06,121.9,124.72,124.66,115744541
2023-06-26,123.81,127.37,122.29,124.46,124.6,47435198
2023-06-27,127.41,130.4,124.8,125.9,125.77,73824453
2023-06-28,122.13,123.86,121.13,122.09,122.14,70650498
2023-06-29,122.69,124.63,121.99,122.51,122.79,85661040
2023-06-30,120.41,122.68,118.7,121.71,121.73,115722387
2023-07-03,125.38,126.2,123.92,125.88,125.78,47095618
2023-07-04,125.7,128.05,123.87,125.54,125.59,91552941
2023-07-05,128.63,129.87,127.84,129.43,129.36,107610845
2023-07-06,127.63,128.02,123.95,126.94,126.76,70263758
2023-07-07,127.42,129.43,125.34,128.34,128.43,71477425
2023-07-10,128.92,129.31,126.01,129.14,129.29,86829410
2023-07-11,126.75,128.65,126.29,127.19,127.15,84620291
2023-07-12,127.78,130.08,125.62,127.66,127.61,91956121
2023-07-13,130.03,133.17,127.25,130.53,130.41,91280419
2023-07-14,129.62,131.85,128.46,129.83,129.81,53186138
2023-07-17,125.82,128.68,125.1,126.0,125.92,106068104
2023-07-18,125.46,127.37,124.53,126.01,125.89,112827738
2023-07-19,124.4,127.06,123.1,124.04,124.27,80047253
2023-07-20,123.51,125.13,121.88,123.33,123.39,44457503
2023-07-21,123.14,123.99,122.05,123.21,123.28,72047607
2023-07-24,119.23,122.36,118.33,119.53,119.64,80280774
2023-07-25,116.72,117.6,114.24,116.16,116.25,50243341
2023-07-26,117.06,117.42,116.79,117.23,117.18,66117918
2023-07-27,115.97,116.97,114.9,116.18,116.21,45796553
2023-07-28,111.06,112.15,109.04,110.99,110.96,92762307
2023-07-31,113.76,114.84,112.03,112.62,112.67,79485329
2023-08-01,112.31,114.76,111.6,113.22,113.26,42159667
2023-08-02,112.34,114.84,111.18,111.83,111.78,84817408
2023-08-03,108.02,110.13,107.91,109.26,109.11,73531212
2023-08-04,111.11,112.61,109.59,110.96,110.98,89858221
2023-08-07,112.77,113.8,111.5,111.71,111.69,65395389
2023-08-08,117.0,119.43,115.78,116.66,116.44,56654437
2023-08-09,117.72,118.28,114.67,117.6,117.66,57265164
2023-08-10,118.08,118.89,115.36,118.48,118.59,62123760
2023-08-11,118.2,119.74,117.45,118.17,118.47,75495790
2023-08-14,119.8,122.03,118.79,119.98,119.93,78986233
2023-08-15,120.82,123.83,119.35,121.39,121.33,70157039
2023-08-16,124.0,126.09,121.36,124.21,124.07,64671866
2023-08-17,123.25,125.67,120.61,123.11,123.13,66320362
2023-08-18,121.64,123.48,121.15,122.2,122.23,180402738
2023-08-21,120.62,121.42,120.14,121.21,121.11,57267559
2023-08-22,122.0,123.47,120.65,123.0,122.98,61694692
2023-08-23,126.72,126.96,123.65,126.42,126.17,237540242
2023-08-24,125.85,126.97,122.66,125.44,125.55,86907363
2023-08-25,124.71,126.32,124.09,124.54,124.44,46270049
2023-08-28,126.02,127.23,123.45,125.3,125.29,100728485
2023-08-29,124.87,126.67,124.21,124.8,124.62,54542188
2023-08-30,127.32,128.91,124.8,127.02,126.94,103095901
2023-08-31,122.25,124.36,119.22,122.03,121.99,69661745
2023-09-01,120.21,122.32,118.78,120.28,120.28,64299995
2023-09-04,118.27,119.67,117.92,118.65,118.71,131722291
2023-09-05,115.36,116.43,112.15,113.85,114.01,91444166
2023-09-06,111.64,113.62,110.43,111.94,112.02,105428649
2023-09-07,109.72,111.85,107.48,110.16,110.27,87331393
2023-09-08,110.1,111.04,108.8,109.81,109.97,64195462
2023-09-11,112.25,113.26,109.62,112.08,112.15,92894288
2023-09-12,110.7,113.61,109.86,111.64,111.64,114515879
2023-09-13,110.38,112.2,109.11,109.64,109.75,78621596
2023-09-14,109.51,110.04,108.6,109.58,109.69,140901776
2023-09-15,110.97,113.01,110.77,111.71,111.79,101003849
2023-09-18,110.6,113.08,108.97,109.82,109.66,80776170
2023-09-19,108.49,108.69,106.26,108.08,107.99,81900770
2023-09-20,108.39,111.57,107.92,109.22,109.19,78690395
2023-09-21,110.0,110.54,108.44,108.84,108.92,48402648
2023-09-22,110.6,112.06,109.7,110.16,110.16,72672485
2023-09-25,110.18,111.42,109.86,110.19,110.31,81036800
2023-09-26,112.7,112.84,109.18,111.64,111.78,64835826
2023-09-27,109.73,112.25,107.03,109.62,109.76,84409087
2023-09-28,109.63,110.96,109.4,109.65,109.78,75561412
2023-09-29,108.85,111.9,106.76,109.28,109.17,98325192
2023-10-02,107.34,108.19,104.97,106.97,107.02,94592429
2023-10-03,104.34,106.62,101.45,104.04,103.98,79518664
2023-10-04,105.39,107.83,104.4,105.38,105.21,46477280
2023-10-05,104.27,106.27,103.45,104.77,104.74,140364284
2023-10-06,102.98,103.59,101.68,102.9,103.04,71366335
2023-10-09,102.73,104.57,100.51,102.77,102.82,72906504
2023-10-10,104.09,106.42,102.16,104.93,105.14,66526862
2023-10-11,99.86,103.14,98.63,100.75,100.77,63215152
2023-10-12,98.45,99.59,97.44,98.12,98.36,128754621
2023-10-13,95.04,97.26,93.29,96.55,96.56,121827197
2023-10-16,99.29,99.71,97.03,99.16,99.17,87621447
2023-10-17,99.43,101.49,98.37,99.71,99.59,72230548
2023-10-18,101.94,104.43,99.42,101.15,101.26,93147048
2023-10-19,98.84,99.3,97.79,99.14,99.09,76962405
2023-10-20,97.59,99.42,95.99,97.2,97.14,70169243
2023-10-23,97.8,100.31,96.47,98.03,98.16,84421759
2023-10-24,98.25,98.52,96.25,98.18,98.29,64269353
2023-10-25,99.64,100.0,96.77,99.2,99.31,81923067
2023-10-26,98.63,100.65,97.48,98.91,98.87,80557034
2023-10-27,100.04,101.7,98.53,99.45,99.45,92620983
2023-10-30,99.18,100.04,98.2,99.78,99.77,60387986
2023-10-31,101.41,103.54,100.8,101.23,101.31,96162150
2023-11-01,103.33,104.73,101.92,102.76,102.92,54613390
2023-11-02,100.25,102.53,99.54,99.85,99.89,61380352
2023-11-03,97.04,99.18,94.85,95.93,96.12,62325106
2023-11-06,97.28,99.73,96.79,97.72,97.81,51535453
2023-11-07,99.05,101.22,98.13,99.88,99.86,107015096
2023-11-08,97.52,98.8,95.57,98.11,98.19,53427187
2023-11-09,95.3,96.55,94.26,94.92,95.08,58725109
2023-11-10,95.42,95.74,93.64,95.13,95.32,116382340
2023-11-13,96.84,98.47,94.59,96.78,96.9,61422988
2023-11-14,99.34,100.43,97.89,100.01,100.01,70220351
2023-11-15,101.45,102.8,100.42,100.99,100.97,52629561
2023-11-16,99.62,100.59,98.7,100.36,100.42,100385827
2023-11-17,99.49,100.31,97.31,98.81,98.97,100871335
2023-11-20,100.57,101.23,97.57,98.87,98.91,97136691
2023-11-21,98.6,100.17,97.93,98.38,98.43,90524773
2023-11-22,96.98,98.91,95.51,96.65,96.65,76956805
2023-11-23,100.02,100.56,98.62,100.32,100.29,62424403
2023-11-24,102.52,105.86,101.76,103.64,103.63,56387576
2023-11-27,105.45,108.12,103.79,105.83,105.85,117796086
2023-11-28,103.46,105.1,103.18,104.14,104.32,98019810
2023-11-29,104.88,107.58,103.93,105.8,105.78,58840573
2023-11-30,108.18,109.34,104.9,107.08,107.08,76052906
2023-12-01,108.16,108.67,107.2,107.98,107.89,67521619
2023-12-04,110.74,112.25,108.77,110.49,110.57,50532382
2023-12-05,111.6,112.15,110.39,111.81,111.96,79811379
2023-12-06,113.24,115.86,112.27,113.36,113.54,64849271
2023-12-07,115.38,118.06,112.08,114.72,114.74,53736919
2023-12-08,115.45,117.87,114.39,115.48,115.54,44691875
2023-12-11,112.23,113.86,111.13,111.88,111.86,43386871
2023-12-12,111.96,113.71,109.41,112.1,112.16,65857213
2023-12-13,110.8,113.76,108.71,111.03,111.06,72799193
2023-12-14,107.63,109.3,105.76,108.55,108.56,55209377
2023-12-15,110.61,112.25,110.37,111.94,111.95,94183679
2023-12-18,115.35,117.2,114.87,115.53,115.58,73298989
2023-12-19,118.48,119.53,116.51,118.44,118.41,91780327
2023-12-20,118.12,120.08,117.41,119.04,119.01,70349054
2023-12-21,122.0,122.17,121.22,122.02,122.23,56939935
2023-12-22,122.15,124.02,119.7,122.11,122.44,78056214
2023-12-25,121.02,123.51,120.07,122.61,122.46,48209304
2023-12-26,119.61,120.93,119.29,120.27,120.12,90585268
2023-12-27,121.49,121.72,120.96,121.19,121.07,54027106
2023-12-28,121.66,122.84,119.96,121.38,121.36,103427356
2023-12-29,117.79,121.24,115.93,118.62,118.72,66621583
2024-01-01,118.67,119.75,115.97,118.56,118.63,108785150
2024-01-02,119.17,121.23,118.01,118.44,118.46,50631301
2024-01-03,122.96,125.32,121.69,122.39,122.46,59161365
2024-01-04,124.36,125.54,122.66,124.44,124.35,85696787
2024-01-05,124.17,127.1,122.96,124.52,124.49,112974496
2024-01-08,124.66,127.34,123.09,125.13,125.13,134397419
2024-01-09,125.64,127.45,122.38,125.29,125.09,76093760
2024-01-10,125.03,125.16,123.13,124.89,124.74,142693515
2024-01-11,123.0,123.22,121.19,122.53,122.4,67769044
2024-01-12,122.35,125.38,119.23,122.26,122.35,110173542
2024-01-15,121.27,123.67,120.37,120.68,120.71,53932041
2024-01-16,118.11,120.89,115.29,118.05,118.12,86882644
2024-01-17,119.75,122.47,117.64,119.19,118.97,33045835
2024-01-18,120.71,120.89,118.52,120.09,119.91,50649596
2024-01-19,115.78,118.67,113.1,116.34,116.42,88307495
2024-01-22,114.87,117.51,113.36,116.13,115.81,47376888
2024-01-23,119.38,121.77,116.93,118.29,118.43,87088119
2024-01-24,120.81,120.95,119.71,120.62,120.4,103002005
2024-01-25,121.66,123.9,119.61,122.92,123.03,62930191
2024-01-26,122.54,125.41,120.74,123.06,122.95,53429048
2024-01-29,121.82,124.26,120.52,121.26,121.39,63530671
2024-01-30,118.77,120.86,116.63,118.97,119.35,53487811
2024-01-31,119.4,120.75,117.43,119.77,119.49,72389652
2024-02-01,121.65,122.68,119.37,120.64,120.72,77728332
2024-02-02,122.75,126.51,122.61,123.52,123.3,67382448
2024-02-05,125.45,127.51,123.98,126.05,126.11,134762483
2024-02-06,125.97,127.45,125.66,125.81,125.78,58305520
2024-02-07,123.37,125.12,122.73,123.08,123.09,122057192
2024-02-08,122.79,124.12,121.04,122.43,122.32,52094239
2024-02-09,123.63,125.4,122.6,122.96,123.06,76934950
2024-02-12,122.72,124.11,121.64,122.57,122.39,113474144
2024-02-13,121.71,124.25,119.33,121.36,121.51,111437413
2024-02-14,121.78,124.75,120.75,121.97,121.92,64741204
2024-02-15,120.96,123.79,117.9,120.92,120.75,91082210
2024-02-16,119.69,121.43,116.86,119.61,119.8,86912406
2024-02-19,120.5,121.89,118.53,120.34,120.33,62085309
2024-02-20,120.08,122.23,116.63,119.53,119.75,93043822
2024-02-21,120.51,123.05,117.48,120.11,120.25,143934793
2024-02-22,120.79,122.54,119.71,120.75,120.66,88462908
2024-02-23,117.78,120.46,115.54,118.35,118.34,91442727
2024-02-26,117.43,119.67,116.88,117.39,117.4,94892280
2024-02-27,120.5,122.6,118.4,120.52,120.7,44976777
2024-02-28,118.21,120.45,116.57,118.08,118.13,88108300
2024-02-29,115.22,115.91,113.55,113.71,113.73,52542494
2024-03-01,109.67,111.44,108.84,110.02,109.99,61009383
2024-03-04,110.4,112.07,107.49,110.12,110.12,159839108
2024-03-05,110.94,111.06,109.29,110.23,110.38,68638015
2024-03-06,110.12,112.49,109.46,110.05,110.05,57883199
2024-03-07,114.11,115.9,111.91,112.53,112.49,112268353
2024-03-08,107.05,107.73,105.71,107.3,107.23,53828397
2024-03-11,108.32,110.55,105.82,108.11,108.05,64128662
2024-03-12,110.71,113.27,108.58,111.24,111.09,116123742
2024-03-13,108.83,111.15,107.58,109.06,108.97,76131092
2024-03-14,108.52,109.65,107.71,108.36,108.52,43420390
2024-03-15,107.49,109.81,106.73,106.95,106.93,90729674
2024-03-18,105.49,106.65,104.02,105.29,105.37,65282568
2024-03-19,105.51,107.06,102.57,104.72,104.46,128565195
2024-03-20,107.43,107.6,105.45,107.5,107.56,60662316
2024-03-21,110.94,112.99,109.74,111.16,111.14,108355469
2024-03-22,112.33,114.38,108.85,110.54,110.49,139628095
2024-03-25,114.72,116.39,113.14,114.45,114.47,55682058
2024-03-26,114.08,116.05,112.38,114.57,114.52,70095847
2024-03-27,117.81,120.72,116.23,118.3,118.05,85927761
2024-03-28,117.49,120.21,115.45,118.15,118.26,55557421
2024-03-29,119.15,120.07,116.92,118.49,118.52,82441697
2024-04-01,119.06,122.19,116.26,119.32,119.29,69322256
2024-04-02,126.5,128.78,124.98,126.41,126.28,68835146
2024-04-03,128.37,131.59,128.19,128.42,128.23,76295697
2024-04-04,127.41,130.5,126.0,126.85,126.88,76894224
2024-04-05,128.48,132.12,126.81,129.14,129.35,79427637
2024-04-08,127.53,130.81,125.75,128.36,128.38,60818796
2024-04-09,127.46,129.45,125.47,127.29,127.11,61755189
2024-04-10,129.91,130.58,127.1,129.45,129.48,71950793
2024-04-11,129.84,131.66,128.59,129.58,129.57,73834266
2024-04-12,129.65,132.81,127.46,130.29,130.4,64321300
2024-04-15,130.91,132.68,128.04,130.38,130.46,84004216
2024-04-16,130.64,134.1,129.22,131.23,130.84,39738540
2024-04-17,131.88,132.78,130.48,132.3,132.37,58080206
2024-04-18,127.1,129.12,126.42,127.82,127.69,68000385
2024-04-19,130.43,132.15,128.01,129.42,129.24,55581354
2024-04-22,127.7,129.15,124.68,127.21,127.19,132649116
2024-04-23,124.46,124.91,121.18,124.01,124.06,75496761
2024-04-24,124.86,125.45,122.04,123.93,123.73,79786754
2024-04-25,126.27,128.94,123.16,124.18,124.26,63329886
2024-04-26,121.43,124.24,119.32,122.69,122.78,74586944
2024-04-29,124.04,124.87,121.72,124.6,124.6,49016128
2024-04-30,121.23,121.85,120.14,121.68,121.57,70672190
2024-05-01,120.23,122.34,117.72,120.84,120.72,54029768
2024-05-02,118.86,120.22,118.53,119.63,119.75,68060489
2024-05-03,119.37,121.73,119.22,119.59,119.4,30615833
2024-05-06,119.36,122.66,118.89,120.24,120.37,50536052
2024-05-07,118.37,119.14,117.57,118.13,118.11,125193727
2024-05-08,119.77,121.6,117.09,119.74,119.72,100296151
2024-05-09,120.27,120.84,118.58,119.93,119.72,119003378
2024-05-10,116.32,117.28,115.08,115.96,115.95,121898722
2024-05-13,112.4,114.91,110.73,112.0,112.07,94919931
2024-05-14,111.77,113.6,110.6,112.02,111.87,64006463
2024-05-15,113.05,115.56,110.71,111.63,111.68,52167008
2024-05-16,111.63,112.34,110.99,111.47,111.48,112039190
2024-05-17,110.22,112.46,108.37,111.46,111.39,76714205
2024-05-20,111.29,113.35,110.82,111.97,112.06,179539654
2024-05-21,112.76,115.37,110.54,113.95,113.69,66003239
2024-05-22,111.75,114.54,111.09,111.74,111.78,149605475
2024-05-23,109.38,109.87,107.35,109.46,109.63,70995108
2024-05-24,107.07,109.67,104.89,107.37,107.53,119713947
2024-05-27,109.28,111.66,107.55,107.98,108.02,135819964
2024-05-28,110.84,112.42,110.14,110.48,110.44,52428777
2024-05-29,110.15,111.17,107.06,109.67,109.6,63290724
2024-05-30,104.3,106.3,103.04,104.89,104.86,52245062
2024-05-31,101.16,102.58,99.53,101.77,101.82,48764741
2024-06-03,100.32,102.34,100.14,100.3,100.22,94723442
2024-06-04,99.44,100.73,98.58,99.34,99.42,70012106
2024-06-05,97.56,100.95,96.28,98.66,98.87,76387290
2024-06-06,98.66,100.35,96.47,98.77,98.76,91119498
2024-06-07,98.27,99.58,97.52,98.26,98.13,39150090
2024-06-10,100.05,101.99,98.09,100.18,100.05,117666719
2024-06-11,98.53,100.31,96.87,99.01,99.09,66373982
2024-06-12,97.22,99.75,96.85,97.53,97.53,90362428
2024-06-13,98.32,98.96,97.53,98.42,98.51,93199057
2024-06-14,95.83,98.17,95.14,95.78,95.73,121178772
2024-06-17,96.85,98.83,95.38,96.5,96.58,72297389
2024-06-18,97.35,99.46,95.15,96.72,96.7,35666611
2024-06-19,96.34,97.72,95.24,96.51,96.44,76514692
2024-06-20,99.08,101.45,98.4,99.35,99.31,80458016
2024-06-21,98.55,99.37,96.55,98.29,98.17,52221631
2024-06-24,102.42,104.4,100.51,102.05,102.25,78973301
2024-06-25,101.42,102.12,100.05,101.68,101.67,66097548
2024-06-26,99.89,100.72,97.99,99.41,99.48,46876863
2024-06-27,100.17,101.34,98.95,99.58,99.53,94870027
2024-06-28,98.48,99.34,96.02,97.72,97.62,61570589
2024-07-01,97.48,98.48,95.45,96.45,96.43,65056452
2024-07-02,96.68,99.19,95.74,97.18,97.29,63789303
2024-07-03,98.21,98.92,97.75,98.2,98.15,115573376
2024-07-04,97.16,99.0,95.67,97.15,97.07,73933604
2024-07-05,98.88,99.22,97.35,98.94,98.96,77105379
2024-07-08,100.68,103.03,99.75,101.07,101.12,64281087
2024-07-09,102.84,105.84,100.61,103.76,103.93,88189816
2024-07-10,104.86,105.98,102.57,104.8,104.84,120271228
2024-07-11,106.96,109.43,106.57,107.46,107.53,94088835
2024-07-12,103.98,106.37,102.09,103.93,104.0,95382159
2024-07-15,102.89,105.47,101.81,103.38,103.26,92727833
2024-07-16,101.15,102.88,98.62,101.82,101.73,46265807
2024-07-17,102.23,103.52,101.44,102.09,101.98,55193573
2024-07-18,101.18,103.18,100.31,101.09,100.96,69807574
2024-07-19,101.18,102.0,99.66,100.83,100.91,58173835
2024-07-22,105.72,107.87,103.58,104.36,104.39,51671178
2024-07-23,104.26,105.18,102.25,104.08,104.09,38947968
2024-07-24,105.21,107.35,103.59,104.91,104.64,46814963
2024-07-25,103.84,104.84,103.19,104.52,104.73,68559649
2024-07-26,103.9,104.92,102.53,104.71,104.61,73199521
2024-07-29,105.76,108.4,102.43,104.77,104.98,56821756
2024-07-30,105.08,107.97,102.97,105.66,105.51,77100667
2024-07-31,107.28,110.35,105.88,107.95,107.86,64434315
2024-08-01,111.22,113.9,110.34,111.25,111.01,109858027
2024-08-02,111.86,113.21,111.27,111.92,111.96,70875094
2024-08-05,112.55,114.06,110.07,113.17,113.04,95698624
2024-08-06,110.69,111.35,108.7,110.9,110.78,80528642
2024-08-07,111.59,113.04,109.14,110.77,110.62,45913686
2024-08-08,112.17,113.42,109.69,112.71,112.8,72657582
2024-08-09,113.58,117.22,113.13,114.54,114.62,48667900
2024-08-12,115.67,115.8,113.02,115.02,115.23,72214858
2024-08-13,117.27,117.79,116.2,116.93,116.85,57782867
2024-08-14,117.58,118.83,117.12,118.02,118.04,85727629
2024-08-15,119.5,121.35,118.05,120.65,120.49,46883420
2024-08-16,120.79,122.11,119.55,121.33,121.29,75386917
2024-08-19,120.57,122.63,117.73,120.61,120.55,91636857
2024-08-20,122.25,123.33,120.33,121.4,121.46,103043019
2024-08-21,114.5,117.03,112.14,115.21,115.33,57399144
2024-08-22,116.0,118.66,113.8,116.06,116.18,75467413
2024-08-23,109.17,110.86,106.88,108.73,108.64,79993033
2024-08-26,103.95,107.32,101.55,105.46,105.57,128892962
2024-08-27,107.03,108.07,105.22,106.37,106.36,44657514
2024-08-28,106.57,107.85,105.47,107.34,107.3,54521887
2024-08-29,105.37,106.29,104.65,105.16,105.09,200146577
2024-08-30,104.02,106.53,103.08,103.87,103.81,68163147
2024-09-02,107.2,108.91,104.15,106.51,106.7,38692287
2024-09-03,105.98,106.79,104.33,105.63,105.67,61166249
2024-09-04,108.47,111.34,107.47,110.04,110.05,28456667
2024-09-05,109.56,112.4,108.88,110.08,110.05,81598457
2024-09-06,111.03,112.93,109.54,110.94,111.21,99575164
2024-09-09,114.14,115.92,112.06,114.27,114.42,54511205
2024-09-10,114.92,117.48,113.69,114.59,114.51,63607713
2024-09-11,113.13,115.07,110.43,112.59,112.56,103623803
2024-09-12,112.83,114.69,110.61,112.42,112.4,40646498
2024-09-13,112.26,113.02,110.02,112.4,112.42,47225697
2024-09-16,108.51,110.11,107.74,109.72,109.64,69244782
2024-09-17,108.97,111.91,107.21,109.27,109.31,57637357
2024-09-18,108.13,109.8,107.36,107.87,108.02,67669441
2024-09-19,109.01,110.93,107.95,109.72,109.58,48191155
2024-09-20,110.26,111.93,107.82,109.84,109.72,80842097
2024-09-23,109.93,110.2,107.57,109.33,109.28,71183178
2024-09-24,109.26,111.52,108.57,109.17,109.13,90894981
2024-09-25,107.65,110.34,105.32,109.66,109.88,80449361
2024-09-26,110.09,113.19,109.84,110.94,111.05,80626682
2024-09-27,110.24,111.77,107.34,109.01,109.11,45208292
2024-09-30,106.68,107.85,104.05,107.03,107.0,89112102
2024-10-01,107.93,109.42,106.44,109.23,109.2,66798783
2024-10-02,109.27,111.52,106.28,108.47,108.31,70751851
2024-10-03,105.8,106.35,104.17,105.79,105.87,108243210
2024-10-04,107.39,107.63,104.57,106.68,106.74,58304872
2024-10-07,107.8,109.87,105.82,107.63,107.76,120349815
2024-10-08,105.04,106.02,102.91,104.75,104.73,124344317
2024-10-09,105.46,106.55,104.55,105.23,105.21,97608313
2024-10-10,107.13,107.87,104.67,106.68,106.7,53211302
2024-10-11,108.92,111.27,106.73,107.45,107.54,34892973
2024-10-14,109.36,110.25,106.06,108.73,108.57,109407597
2024-10-15,105.06,106.7,104.38,106.06,106.14,77981598
2024-10-16,107.03,107.93,106.03,106.74,106.74,57781519
2024-10-17,106.94,107.57,103.92,106.21,106.1,113095764
2024-10-18,106.1,107.01,104.62,105.34,105.12,55475556
2024-10-21,106.78,107.37,105.75,107.05,107.04,64652952
2024-10-22,110.76,111.29,107.99,109.99,110.15,90125193
2024-10-23,114.28,115.54,113.1,113.65,113.84,50791403
2024-10-24,118.22,120.84,115.86,116.43,116.47,72180490
2024-10-25,115.72,116.52,114.26,116.25,116.48,109802810
2024-10-28,116.68,117.76,115.89,117.04,117.04,80751527
2024-10-29,118.5,121.43,117.71,118.72,118.83,116057682
2024-10-30,118.68,121.7,118.54,119.03,118.98,111525017
2024-10-31,118.73,121.43,117.56,119.37,119.31,75203406
2024-11-01,119.2,122.03,118.17,121.21,121.12,33103156
2024-11-04,120.81,122.47,120.6,121.13,120.88,50930798
2024-11-05,119.87,120.6,117.7,119.6,119.76,97969387
2024-11-06,118.42,119.25,116.52,118.77,118.69,43593153
2024-11-07,121.58,122.81,119.86,120.19,120.09,66896437
2024-11-08,120.26,122.04,119.21,120.25,120.1,84432831
2024-11-11,121.98,123.15,118.38,121.04,121.02,125441292
2024-11-12,122.76,124.68,120.73,122.56,122.78,61327675
2024-11-13,122.4,123.39,120.47,121.79,122.05,59875500
2024-11-14,123.73,124.88,122.02,123.52,123.31,73635857
2024-11-15,125.44,127.95,123.67,124.42,124.38,84801026
2024-11-18,121.78,124.47,119.25,121.74,121.61,71058375
2024-11-19,125.37,126.46,122.13,125.0,125.12,108281252
2024-11-20,124.2,126.03,121.1,123.93,123.97,56700768
2024-11-21,120.14,121.27,119.37,120.35,120.27,78221491
2024-11-22,118.45,118.72,117.16,118.16,118.17,87646577
2024-11-25,117.62,119.82,115.5,116.06,116.0,65196554
2024-11-26,116.03,116.81,115.06,116.22,116.41,100623576
2024-11-27,115.99,117.29,114.66,115.7,115.77,79013885
2024-11-28,115.92,117.39,113.19,115.05,115.13,98848078
2024-11-29,117.19,117.83,115.75,116.4,116.09,80272295
2024-12-02,117.17,117.56,114.46,117.16,117.16,85561012
2024-12-03,116.2,118.99,115.8,117.89,118.13,60108484
2024-12-04,119.18,122.02,118.67,118.81,118.97,60142576
2024-12-05,118.59,122.09,116.04,120.19,119.97,115125965
2024-12-06,116.79,117.97,113.7,115.77,115.73,93683002
2024-12-09,115.18,115.4,113.97,115.06,114.92,52428498
2024-12-10,111.35,113.06,108.99,110.68,110.87,79901155
2024-12-11,110.21,111.16,109.51,110.81,110.83,32676837
2024-12-12,109.81,112.4,109.26,110.85,110.76,61350851
2024-12-13,113.18,115.34,111.61,113.0,113.01,104988182
2024-12-16,115.47,116.79,114.38,115.5,115.2,71785833
2024-12-17,115.63,116.92,113.81,115.97,115.85,78159964
2024-12-18,115.04,115.29,114.27,114.98,114.99,26095285
2024-12-19,117.97,118.16,114.08,116.04,116.14,65378885
2024-12-20,115.57,116.88,112.77,115.0,114.78,84426673
2024-12-23,115.77,118.34,114.47,115.05,115.0,88264639
2024-12-24,117.75,118.56,116.92,117.16,117.28,105036994
2024-12-25,117.07,118.8,114.7,116.04,115.87,69678924
2024-12-26,117.66,119.84,115.35,117.79,117.82,70775194
2024-12-27,117.82,119.58,115.86,119.29,119.3,47051700
2024-12-30,117.18,117.86,115.09,117.31,117.51,69818957
2024-12-31,120.02,121.09,118.16,119.44,119.41,48227859
2025-01-01,120.3,123.07,119.5,121.0,120.98,39280710
2025-01-02,121.15,122.68,119.48,121.28,121.38,51299209
2025-01-03,119.18,121.91,118.48,119.68,119.52,127170388
2025-01-06,118.96,121.56,115.72,117.9,117.87,68223678
2025-01-07,117.34,119.59,116.15,116.81,116.76,80999678
2025-01-08,118.48,121.42,117.07,118.01,118.0,62662577
2025-01-09,116.49,118.71,114.53,116.05,116.15,40076705
2025-01-10,117.0,119.53,115.51,117.02,117.09,104076656
2025-01-13,114.62,117.03,112.72,114.49,114.4,35065535
2025-01-14,113.31,116.23,112.01,114.12,114.14,61763382
2025-01-15,112.9,116.71,110.29,114.4,114.57,73579974
2025-01-16,119.71,122.51,117.07,119.6,119.5,81301095
2025-01-17,116.95,118.4,114.14,116.72,116.74,58161507
2025-01-20,120.78,122.75,117.98,119.91,119.89,39417173
2025-01-21,121.42,123.04,118.33,120.29,120.28,56662094
2025-01-22,122.38,125.0,119.34,121.24,121.04,57709558
2025-01-23,120.82,122.93,119.44,121.55,121.72,57220108
2025-01-24,122.32,125.12,121.25,122.58,122.49,105320556
2025-01-27,122.65,125.13,120.44,122.3,122.42,49044455
2025-01-28,127.51,130.58,125.4,125.6,125.52,83331852
2025-01-29,125.73,126.61,124.48,124.63,124.55,79272562
2025-01-30,128.1,130.41,124.52,127.25,127.4,104967144
2025-01-31,125.55,128.25,125.28,125.84,125.96,71585458
2025-02-03,125.09,128.71,123.39,125.76,125.79,98927172
2025-02-04,124.0,126.82,121.47,123.41,123.51,70612774
2025-02-05,123.66,126.32,122.95,124.48,124.45,87315281
2025-02-06,127.64,129.72,124.77,127.82,127.82,44321005
2025-02-07,127.61,128.34,126.9,127.7,127.62,29787557
2025-02-10,128.52,131.66,124.48,127.31,127.42,85595226
2025-02-11,124.57,125.72,122.16,124.83,124.75,87217256
2025-02-12,122.55,126.66,121.72,124.37,124.56,88580693
2025-02-13,121.28,123.72,120.36,120.91,120.88,62412260
2025-02-14,118.5,120.38,117.48,119.0,119.0,126329162
2025-02-17,119.57,120.29,118.28,119.54,119.63,63849635
2025-02-18,122.4,123.14,121.56,122.46,122.47,86903279
2025-02-19,128.66,131.65,125.45,128.87,128.84,92352316
2025-02-20,128.18,129.88,126.75,127.58,127.57,136872135
2025-02-21,129.77,131.39,127.05,130.98,131.09,67123066
2025-02-24,131.2,134.01,130.57,131.61,131.52,59672459
2025-02-25,131.85,132.77,128.09,131.31,131.3,44395460
2025-02-26,131.91,135.32,131.06,132.4,132.4,129129601
2025-02-27,131.33,133.72,129.87,132.61,132.72,86919458
2025-02-28,133.46,134.24,131.01,132.93,132.92,87887668
2025-03-03,132.9,133.31,131.5,132.01,132.25,223259461
2025-03-04,128.76,130.5,126.1,128.79,128.77,84036713
2025-03-05,123.84,126.8,122.9,125.32,125.29,47544952
2025-03-06,127.4,129.82,125.06,126.86,126.84,70029869
2025-03-07,125.03,127.82,123.25,126.29,126.12,53320147
2025-03-10,125.23,126.38,123.06,124.99,124.86,65296221
2025-03-11,124.4,125.98,124.11,125.07,125.0,65142798
2025-03-12,126.05,127.9,125.41,126.93,127.07,61070539
2025-03-13,127.06,130.36,126.44,127.4,127.39,46055133
2025-03-14,125.82,126.58,124.78,125.96,125.9,130956300
2025-03-17,128.33,132.01,127.76,128.83,128.99,83269715
2025-03-18,133.07,134.25,129.54,132.6,132.81,69308870
2025-03-19,133.49,134.27,131.71,133.85,134.02,97774260
2025-03-20,137.08,138.03,134.1,136.28,136.16,88443299
2025-03-21,139.66,139.99,138.08,139.42,139.35,82597537
2025-03-24,141.75,145.19,140.67,142.35,142.61,95319789
2025-03-25,143.25,145.91,141.38,144.0,144.03,78599494
2025-03-26,144.18,146.94,143.02,145.62,145.58,94828085
2025-03-27,147.31,149.8,145.7,147.06,147.16,97619514
2025-03-28,143.94,146.57,142.23,144.24,144.39,79395339
2025-03-31,144.06,149.58,142.17,146.14,146.06,69432151
2025-04-01,142.22,146.12,138.72,142.68,142.71,128140503
2025-04-02,139.96,143.16,139.07,140.72,140.85,63448120
2025-04-03,145.49,148.49,142.29,144.13,143.96,86008650
2025-04-04,144.89,149.32,144.23,146.39,146.39,86691518
2025-04-07,149.13,152.35,147.72,150.43,150.26,60590787
2025-04-08,150.76,153.46,147.03,149.76,149.61,56528802
2025-04-09,147.95,148.37,145.99,146.75,146.67,66263545
2025-04-10,145.53,148.99,143.36,146.18,146.25,63131017
2025-04-11,145.96,150.05,144.36,146.52,146.47,45021601
2025-04-14,147.34,147.78,146.47,146.79,146.7,59707929
2025-04-15,147.79,153.05,144.34,149.89,149.9,82324286
2025-04-16,147.32,152.47,145.71,148.98,148.81,116812299
2025-04-17,149.74,150.96,146.78,150.0,150.06,91060587
2025-04-18,148.79,150.81,145.8,147.42,147.58,30194235
2025-04-21,148.3,152.14,144.81,148.68,148.67,93873151
2025-04-22,148.85,152.43,147.57,148.76,148.73,61690810
2025-04-23,147.83,148.43,145.23,146.83,146.89,87888251
2025-04-24,148.12,149.51,143.47,146.28,145.98,74629865
2025-04-25,145.35,148.45,144.01,145.86,145.94,70108738
2025-04-28,145.2,146.13,143.79,145.21,145.67,72363759
2025-04-29,151.63,152.96,146.26,149.99,149.97,74413665
2025-04-30,148.42,150.02,146.29,149.79,149.77,120064590
2025-05-01,150.12,150.82,146.58,149.2,149.31,74485691
2025-05-02,142.86,145.82,140.51,143.74,143.97,109664506
2025-05-05,141.59,143.95,138.55,141.51,141.64,104214905
2025-05-06,140.7,143.24,137.64,140.9,140.6,94722735
2025-05-07,138.43,141.97,136.42,139.23,139.31,40131899
2025-05-08,141.96,144.37,140.82,142.8,143.17,110864589
2025-05-09,142.68,143.76,142.22,142.45,142.53,63893821
2025-05-12,146.72,146.93,143.56,145.85,145.68,96350507
2025-05-13,145.97,146.95,142.93,146.08,146.12,53362146
2025-05-14,146.31,147.55,144.52,146.24,146.06,49536620
2025-05-15,146.58,147.35,145.35,146.08,146.26,149788480
2025-05-16,145.3,146.37,144.15,146.15,146.01,53653357
2025-05-19,151.48,152.21,148.82,150.81,150.82,112014176
2025-05-20,145.42,147.89,141.66,144.71,144.59,78173852
2025-05-21,141.83,144.12,138.94,139.65,139.58,64744327
2025-05-22,138.04,141.6,135.88,138.36,138.56,73832425
2025-05-23,138.07,141.25,135.44,138.45,138.47,47565373
2025-05-26,140.9,142.96,136.96,140.25,140.17,74639815
2025-05-27,142.21,142.82,140.97,141.51,141.35,51343020
2025-05-28,140.15,142.64,136.89,140.6,140.34,65305926
2025-05-29,142.92,143.62,140.71,143.27,143.09,103683497
2025-05-30,146.49,148.15,143.18,146.01,146.03,81978322
2025-06-02,145.84,148.08,145.5,146.56,146.71,44644380
2025-06-03,148.83,150.87,146.87,149.19,149.11,101039240
2025-06-04,150.08,151.23,147.6,149.99,150.23,74813862
2025-06-05,149.44,152.05,147.31,148.55,148.45,62036521
2025-06-06,149.95,153.69,148.25,150.5,150.46,97399864
2025-06-09,149.2,153.8,147.06,150.87,150.7,70736784
2025-06-10,149.2,153.36,147.07,150.94,151.09,49874340
2025-06-11,153.89,157.22,153.58,155.06,155.39,143197029
2025-06-12,147.27,148.7,145.57,148.44,148.18,74547574
2025-06-13,144.63,147.42,143.74,144.76,144.71,72893778
2025-06-16,140.76,143.76,137.52,141.77,141.95,65085468
2025-06-17,140.31,141.96,136.88,140.91,140.7,113349517
2025-06-18,139.67,141.57,138.53,140.32,140.4,62413439
2025-06-19,136.27,139.83,135.56,136.63,136.8,43673659
2025-06-20,135.35,137.52,133.45,134.29,134.3,59142567
2025-06-23,132.81,134.46,130.63,132.28,132.36,119325997
2025-06-24,138.34,140.54,135.29,138.33,138.57,100357054
2025-06-25,142.56,144.52,140.7,142.95,143.23,68595891
2025-06-26,141.59,143.7,141.26,141.96,141.95,121283091
2025-06-27,141.38,142.5,140.82,141.1,141.02,97443029
2025-06-30,138.76,140.36,137.38,138.27,138.14,68318584
2025-07-01,132.94,136.0,130.11,133.66,133.79,70768901
2025-07-02,133.47,133.73,131.32,133.44,133.26,84162488
2025-07-03,129.53,133.76,127.65,131.13,131.09,56054682
2025-07-04,131.15,132.17,129.85,130.98,131.0,75118351
2025-07-07,127.91,130.13,124.36,127.32,127.26,83551882
2025-07-08,125.43,127.71,124.31,125.65,125.68,41556333
2025-07-09,127.41,129.54,123.39,126.04,126.36,70191414
2025-07-10,126.26,128.91,123.42,126.93,126.91,67452149
2025-07-11,128.11,131.19,126.33,127.94,127.89,107480767
2025-07-14,124.97,126.65,122.16,125.0,125.12,39327112
2025-07-15,126.91,129.35,125.94,126.99,127.02,65625281
2025-07-16,125.14,127.48,123.04,125.23,125.41,63362612
2025-07-17,126.8,127.65,126.33,126.72,126.74,104953033
2025-07-18,127.4,128.39,125.19,126.76,126.72,73865569
2025-07-21,124.73,126.13,122.94,123.71,123.49,140628440
2025-07-22,123.06,124.01,122.75,123.06,122.86,94562670
2025-07-23,124.54,125.76,123.79,123.93,123.7,64968989
2025-07-24,124.83,126.66,123.74,125.36,125.41,81562423
2025-07-25,125.67,127.62,123.2,125.1,124.93,66258518
2025-07-28,128.07,129.46,126.54,128.65,128.82,101319282
2025-07-29,131.93,134.6,129.99,131.07,131.07,47050378
2025-07-30,132.25,133.78,127.29,130.52,130.49,56215612
2025-07-31,132.26,134.73,129.15,132.36,132.25,87968569
2025-08-01,135.3,137.51,134.76,137.11,137.19,115180777
2025-08-04,141.63,143.84,140.08,142.1,141.98,34702061
2025-08-05,140.08,140.31,136.75,139.05,138.91,121334723
2025-08-06,137.27,139.63,134.27,136.81,136.98,71410207
2025-08-07,140.79,142.09,139.21,140.58,140.63,38788812
2025-08-08,138.83,142.13,135.38,137.99,137.96,26229464
2025-08-11,135.2,136.39,134.27,134.81,134.89,43912674
2025-08-12,134.67,136.63,132.49,133.69,133.69,74484527
2025-08-13,135.51,136.48,132.32,134.77,134.82,73289972
2025-08-14,135.81,137.97,132.42,134.58,134.47,93607290
2025-08-15,133.36,134.99,130.27,133.07,133.35,61878179
2025-08-18,132.24,133.55,131.25,131.53,131.45,50890380
2025-08-19,129.67,130.68,129.0,129.91,130.11,64903910
2025-08-20,127.47,128.4,127.19,127.93,127.9,75887479
2025-08-21,134.72,135.24,132.6,133.35,133.46,81309152
2025-08-22,134.3,137.66,133.98,134.13,134.23,56899153
2025-08-25,137.0,138.5,134.56,136.35,136.5,102821498
2025-08-26,135.31,135.45,133.36,135.21,135.1,60340241
2025-08-27,134.35,138.04,132.09,134.82,134.97,55317374
2025-08-28,133.17,133.37,131.8,133.16,133.41,62032043
2025-08-29,128.11,129.52,126.87,127.01,126.98,109254735
2025-09-01,124.37,126.63,121.83,123.95,123.96,71593862
2025-09-02,118.8,122.79,118.53,120.03,119.97,58815674
2025-09-03,115.17,117.41,112.66,115.32,115.28,103712829
2025-09-04,114.13,115.51,112.74,112.92,113.11,158768966
2025-09-05,115.55,118.52,113.96,115.7,115.58,80711174
2025-09-08,114.41,115.88,111.83,115.66,115.55,115507212
2025-09-09,119.77,122.73,116.68,118.43,118.62,107782509
2025-09-10,119.85,122.41,117.5,119.36,119.43,60673935
2025-09-11,121.06,123.93,118.96,121.11,121.36,75702416
2025-09-12,118.95,120.06,118.48,119.21,119.16,47875193
2025-09-15,121.18,121.71,118.33,120.4,120.41,69808677
2025-09-16,121.64,124.11,118.95,122.04,121.96,60239090
2025-09-17,121.67,123.3,117.89,120.84,120.85,65136041
2025-09-18,122.51,124.17,120.69,122.11,121.9,57686596
2025-09-19,123.6,126.47,122.28,123.42,123.5,67829976
2025-09-22,122.37,124.31,119.93,122.26,122.3,90357096
2025-09-23,119.74,120.88,118.06,119.87,119.86,71928023
2025-09-24,118.13,119.38,116.55,117.39,117.35,39054476
2025-09-25,117.02,118.12,116.42,117.63,117.52,57762854
2025-09-26,117.22,119.04,116.63,118.38,118.46,44066433
2025-09-29,117.18,117.7,115.35,116.75,116.62,81688169
2025-09-30,117.3,119.7,116.27,116.86,116.92,89447261
2025-10-01,118.46,120.58,117.95,118.12,118.37,82045993
2025-10-02,119.79,121.43,119.23,119.5,119.67,56934220
2025-10-03,122.7,124.16,119.84,122.94,122.75,81768083
2025-10-06,126.45,128.6,125.5,125.85,125.78,63621287
2025-10-07,123.63,126.2,123.28,123.66,123.71,50355568
2025-10-08,127.15,130.35,125.64,127.52,127.51,97238194
2025-10-09,126.13,128.15,125.26,126.36,126.19,99862858
2025-10-10,130.38,133.08,125.72,128.82,128.87,104543320
2025-10-13,127.69,130.75,124.77,129.04,129.04,60616437
2025-10-14,128.53,130.12,126.77,128.14,128.39,113325580
2025-10-15,122.84,126.8,121.4,124.1,124.06,63100855
2025-10-16,123.69,125.04,122.45,123.77,123.91,94274767
2025-10-17,120.08,121.66,119.85,120.4,120.24,62719266
2025-10-20,121.03,123.59,120.06,122.57,122.44,69345021
2025-10-21,126.31,128.01,125.52,126.02,126.11,32139180
2025-10-22,123.99,126.03,123.56,124.28,124.41,67479138
2025-10-23,123.44,127.12,121.65,125.01,124.89,77429636
2025-10-24,124.07,125.47,123.03,123.44,123.45,64972931
2025-10-27,123.16,123.93,121.69,122.11,121.94,138677894
2025-10-28,124.99,127.71,122.33,123.88,123.86,49930147
2025-10-29,124.12,125.27,122.41,123.85,123.95,61573690
2025-10-30,127.88,130.84,127.3,127.85,127.79,54640900
2025-10-31,127.81,128.57,126.66,126.8,126.77,61569472
2025-11-03,130.46,132.35,128.43,129.16,129.01,107606675
2025-11-04,130.32,132.13,128.58,129.44,129.36,125813322
2025-11-05,130.63,134.11,127.99,131.37,131.6,58686557
2025-11-06,130.53,131.1,127.38,130.38,130.39,58232025
2025-11-07,130.66,133.65,128.92,130.32,130.19,50023509
2025-11-10,128.69,131.9,127.31,130.11,130.07,118473345
2025-11-11,128.58,130.52,125.9,128.22,128.02,111034354
2025-11-12,131.59,133.33,127.73,129.82,129.68,72268943
2025-11-13,131.91,132.15,130.69,131.4,131.58,46009752
2025-11-14,134.05,135.78,132.4,132.88,132.86,47472766
2025-11-17,136.81,137.82,135.09,136.66,136.92,79615470
2025-11-18,140.28,141.63,138.24,140.34,140.33,90899671
2025-11-19,139.78,142.09,138.85,139.46,139.45,36391580
2025-11-20,139.77,142.28,138.65,140.46,140.55,67022584
2025-11-21,138.15,139.41,137.0,138.96,138.58,132143925
2025-11-24,140.13,140.52,138.07,139.08,139.1,69502303
2025-11-25,138.78,139.54,135.99,137.65,137.64,126325441
2025-11-26,140.94,142.57,138.59,141.78,141.99,94127877
2025-11-27,143.61,145.85,140.89,142.78,142.92,51315366
2025-11-28,142.21,143.03,141.38,142.28,142.12,67697764
2025-12-01,145.73,148.96,144.93,145.44,145.62,71696729
2025-12-02,140.31,141.16,137.03,139.93,139.89,53737391
2025-12-03,135.81,136.24,133.32,135.01,134.88,53411939
2025-12-04,137.08,140.1,136.67,137.02,137.04,127085122
2025-12-05,138.39,139.51,136.24,137.23,137.2,53272054
2025-12-08,138.16,139.71,135.11,137.91,138.12,109392325
2025-12-09,135.22,138.47,132.15,134.72,134.76,64374561
2025-12-10,134.05,137.91,131.1,134.72,134.75,74329978
2025-12-11,141.54,144.11,137.57,139.73,139.86,91298436
2025-12-12,142.28,142.66,140.3,141.88,142.04,60824494
2025-12-15,142.99,145.17,140.78,142.38,142.49,91492282
2025-12-16,139.96,144.82,139.17,141.32,141.52,36643560
2025-12-17,139.69,143.72,137.37,140.39,140.47,87477857
2025-12-18,136.17,136.66,133.14,135.17,135.19,31610918
2025-12-19,136.09,137.52,135.22,135.86,136.03,69275531
2025-12-22,136.42,139.19,133.38,138.0,137.99,101136709
2025-12-23,135.04,135.6,132.88,134.2,134.21,93250691
2025-12-24,132.24,135.02,131.95,132.68,132.9,47610077
2025-12-25,131.1,132.09,128.85,130.0,130.21,49804511
2025-12-26,127.75,129.0,124.96,127.82,127.82,58936046
2025-12-29,128.16,128.56,125.05,128.0,127.94,80050978
2025-12-30,124.21,125.82,121.77,123.34,123.52,36829954
2025-12-31,124.1,125.37,121.12,124.77,124.87,74653683
